,TF,CF,TC,effT,effC,effT_err,effC_err,eff_trig,eff_trig_err
507.0,1611,15,523,0.9703703703703703,0.24531835205992508,0.007290095917065269,0.009307748775782151,0.977639062283257,0.005508609438638435
508.0,4237,52,1274,0.9600903614457831,0.2312715399963722,0.005369482875856761,0.005678245889752936,0.9693203250149154,0.004133890454784669
509.0,8380,113,2377,0.9542536115569823,0.2210242587601078,0.004184553970549023,0.004000145626991389,0.9643646731535522,0.003264798429373309
510.0,6404,72,1744,0.9598459845984598,0.21411042944785277,0.004603084180636344,0.004543538656400194,0.9684433780801392,0.0036221134383412354
511.0,3680,34,1004,0.9663461538461539,0.21446862996158772,0.005589311948910939,0.005995372597288666,0.9735638481237073,0.00439521349672144
512.0,1996,22,572,0.9614093959731543,0.22295719844357978,0.007883295456152363,0.008208847389204799,0.9700134489332254,0.00613384366555188
514.0,1092,17,252,0.933579335793358,0.18796433878157504,0.015098811743883129,0.0106448974963701,0.9460640520223924,0.012281143103852548
525.0,559,7,147,0.9487179487179487,0.20903954802259886,0.01760359736295387,0.015271035822722786,0.9594379255396204,0.013945755195535892
