,rad,rad_err
935.0,0.866601430239209,2.4720942321979773e-06
945.0,0.865922804448492,2.0893008891026377e-06
950.0,0.8542778984255187,5.13666298338869e-07
960.0,0.8544461056265119,7.742899016972821e-07
970.0,0.8631759249169709,6.627620400244053e-07
