,rad,rad_err
935.0,0.866342124737151,2.407890485089247e-06
945.0,0.8657465785615424,2.0805612721715375e-06
950.0,0.8542134521508792,5.160021373209813e-07
960.0,0.8544370628813682,7.732663539386205e-07
970.0,0.8631549854430746,6.62048201988756e-07
