,mu,s,c,N,mu_err,s_err,c_err,N_err,eff0,eff0_err
935.0,0.09416238472306288,0.04334386071366919,0.0026878066460608863,0.2873347739326101,0.011316944204271095,0.004834756374219568,0.001024779735607051,0.01774423766944294,0.2587265528163946,0.01675999271377654
945.0,0.10294393161408405,0.044885211072785536,0.002609927588781702,0.2982649453048219,0.011596070857333413,0.0049287213148874465,0.000975940900654032,0.017129881342158065,0.2717034528307056,0.016065821444588624
950.0,0.08456730877424706,0.047864350630845376,0.002325560529495063,0.3111696658522647,0.014184945597902315,0.005241753658792758,0.0009026792147521223,0.025347381032980648,0.26648144620001446,0.02577354354474537
960.0,0.09366467126495664,0.043776612914645685,0.0022643244506336813,0.2977195269739603,0.013059215564004772,0.005179221641672782,0.0008671080960140631,0.02076818058373814,0.26704183689104494,0.020097385764058284
970.0,0.11418334294216126,0.04717378736164923,0.003357377169295961,0.2852946869378297,0.011761383278788978,0.004724351819287931,0.0010913864136833373,0.014937114733435675,0.26296562001906076,0.014236779232820629
