,mu,s,c,N,mu_err,s_err,c_err,N_err,eff0,eff0_err
935.0,0.09716414939525797,0.03718570821632633,7.858003397842594e-05,0.2767369833254617,0.008949847022571206,0.004081084662483414,0.003367419415947759,0.013030575153788165,0.25785481521843234,0.012337495602903092
945.0,0.10418651299285164,0.03952764092286515,0.00016051884745216238,0.28974272954375485,0.00967340827012178,0.004309964488397433,0.001464996809772301,0.013560042774702075,0.2704140466267832,0.01235933609860429
950.0,0.08704588402647201,0.0406831088463418,0.00013353868805598967,0.2965791012697562,0.010972392273993409,0.004731918740532193,0.0015283269165831948,0.019056152483330036,0.2653870387395694,0.018085520579949776
960.0,0.09227725936283077,0.03909669982791031,0.00014309415458424457,0.2914987780762268,0.011398458063357653,0.00524026638377087,0.0012434137286128633,0.01858079004615279,0.2663969848992973,0.016826883293780293
970.0,0.111978042029515,0.041173368782593645,0.00011050648139815378,0.27922641729958186,0.010073297309759338,0.004574266535008503,0.002606197484472883,0.01284287550737423,0.2619947955143225,0.011914808555478051
